{
  "CreateToken " : {
    "transaction" : "CreateToken ",
    "sampleCount" : 2000,
    "errorCount" : 0,
    "errorPct" : 0.0,
    "meanResTime" : 460.5910000000006,
    "medianResTime" : 277.0,
    "minResTime" : 255.0,
    "maxResTime" : 6283.0,
    "pct1ResTime" : 1071.9,
    "pct2ResTime" : 1111.0,
    "pct3ResTime" : 3282.99,
    "throughput" : 6.634335339114051,
    "receivedKBytesPerSec" : 4.996535633015107,
    "sentKBytesPerSec" : 1.984469642940072
  },
  "GetBooking " : {
    "transaction" : "GetBooking ",
    "sampleCount" : 2000,
    "errorCount" : 12,
    "errorPct" : 0.6,
    "meanResTime" : 393.5340000000004,
    "medianResTime" : 276.0,
    "minResTime" : 254.0,
    "maxResTime" : 6295.0,
    "pct1ResTime" : 310.9000000000001,
    "pct2ResTime" : 827.9499999999998,
    "pct3ResTime" : 4271.0,
    "throughput" : 6.389755943271747,
    "receivedKBytesPerSec" : 5.715792691157537,
    "sentKBytesPerSec" : 1.4289590927824514
  },
  "Total" : {
    "transaction" : "Total",
    "sampleCount" : 10000,
    "errorCount" : 162,
    "errorPct" : 1.62,
    "meanResTime" : 528.1012000000004,
    "medianResTime" : 278.0,
    "minResTime" : 254.0,
    "maxResTime" : 7627.0,
    "pct1ResTime" : 988.7999999999993,
    "pct2ResTime" : 1392.0,
    "pct3ResTime" : 4265.99,
    "throughput" : 30.142634948576664,
    "receivedKBytesPerSec" : 324.965639751052,
    "sentKBytesPerSec" : 10.349968237198423
  },
  "CreateBooking " : {
    "transaction" : "CreateBooking ",
    "sampleCount" : 2000,
    "errorCount" : 0,
    "errorPct" : 0.0,
    "meanResTime" : 378.00000000000006,
    "medianResTime" : 276.0,
    "minResTime" : 254.0,
    "maxResTime" : 6285.0,
    "pct1ResTime" : 295.0,
    "pct2ResTime" : 826.0,
    "pct3ResTime" : 3273.98,
    "throughput" : 6.249804693603325,
    "receivedKBytesPerSec" : 5.748257866941659,
    "sentKBytesPerSec" : 3.0272491484641106
  },
  " GetBookingIds" : {
    "transaction" : " GetBookingIds",
    "sampleCount" : 2000,
    "errorCount" : 0,
    "errorPct" : 0.0,
    "meanResTime" : 1038.5334999999975,
    "medianResTime" : 826.0,
    "minResTime" : 257.0,
    "maxResTime" : 7627.0,
    "pct1ResTime" : 2003.0,
    "pct2ResTime" : 2767.399999999998,
    "pct3ResTime" : 4568.51,
    "throughput" : 6.470879424868237,
    "receivedKBytesPerSec" : 326.49730209826356,
    "sentKBytesPerSec" : 1.4281433105666226
  },
  "UpdateBooking" : {
    "transaction" : "UpdateBooking",
    "sampleCount" : 2000,
    "errorCount" : 150,
    "errorPct" : 7.5,
    "meanResTime" : 369.8474999999994,
    "medianResTime" : 276.0,
    "minResTime" : 255.0,
    "maxResTime" : 6286.0,
    "pct1ResTime" : 291.0,
    "pct2ResTime" : 822.9499999999998,
    "pct3ResTime" : 3278.9700000000003,
    "throughput" : 6.196938712276135,
    "receivedKBytesPerSec" : 5.458510527049637,
    "sentKBytesPerSec" : 3.0303030303030303
  }
}